model,validation_accuracy,training_seconds,inference_ms_per_crop
SVM (RBF),1.0,0.10531270003411919,0.06970285737354841
Random forest,1.0,0.16756230010651052,0.19336642913653382
k-NN,1.0,0.0045158000430092216,9.172011427913926
