condition,precision,recall,f1,mean_iou,recognition_accuracy
bright,1.0,1.0,1.0,0.7652671186502374,1.0
dim,0.9545454545454546,0.875,0.9130434782608695,0.7268128651531399,1.0
rotated,1.0,1.0,1.0,0.7700176397071998,0.9428571428571428
blurred,1.0,1.0,1.0,0.8033559070917544,1.0
noisy,1.0,1.0,1.0,0.7518933896168658,1.0
occluded,0.95,0.7916666666666666,0.8636363636363635,0.7235564693867684,1.0
cluttered,0.6052631578947368,0.9583333333333334,0.7419354838709677,0.7498736601148309,
